{
  "name": "dummy",
  "period": 1800,
  "pos": {
    "CC": 0.06280193236714976,
    "CD": 0.014492753623188406,
    "DT": 0.06280193236714976,
    "EX": 0.0,
    "FW": 0.0,
    "IN": 0.0966183574879227,
    "JJ": 0.10628019323671498,
    "JJR": 0.0,
    "JJS": 0.0,
    "LS": 0.0,
    "MD": 0.0,
    "NN": 0.37681159420289856,
    "NNP": 0.00966183574879227,
    "NNPS": 0.0,
    "NNS": 0.04830917874396135,
    "PDT": 0.0,
    "POS": 0.004830917874396135,
    "PRP": 0.028985507246376812,
    "PRP$": 0.024154589371980676,
    "RB": 0.014492753623188406,
    "RBR": 0.0,
    "RBS": 0.0,
    "RP": 0.0,
    "SYM": 0.0,
    "TO": 0.004830917874396135,
    "UH": 0.0,
    "VB": 0.00966183574879227,
    "VBD": 0.0966183574879227,
    "VBG": 0.0,
    "VBN": 0.024154589371980676,
    "VBP": 0.004830917874396135,
    "VBZ": 0.004830917874396135,
    "WDT": 0.004830917874396135,
    "WP": 0.0,
    "WP$": 0.0,
    "WRB": 0.0
  },
  "keywords": [
    "brother",
    "emmi",
    "aho",
    "aino",
    "aleksander",
    "also",
    "ambassador",
    "anna",
    "armas",
    "august"
  ],
  "chars": {
    "a": 0.10418604651162791,
    "b": 0.020465116279069766,
    "c": 0.020465116279069766,
    "d": 0.04837209302325581,
    "e": 0.13116279069767442,
    "f": 0.020465116279069766,
    "g": 0.013023255813953489,
    "h": 0.04186046511627907,
    "i": 0.08651162790697674,
    "j": 0.012093023255813953,
    "k": 0.010232558139534883,
    "l": 0.05116279069767442,
    "m": 0.02883720930232558,
    "n": 0.07627906976744186,
    "o": 0.04837209302325581,
    "p": 0.01581395348837209,
    "q": 0.0009302325581395349,
    "r": 0.07069767441860465,
    "s": 0.06697674418604652,
    "t": 0.062325581395348835,
    "u": 0.023255813953488372,
    "v": 0.01953488372093023,
    "w": 0.012093023255813953,
    "x": 0.0,
    "y": 0.014883720930232559,
    "z": 0.0
  },
  "sentiment": 0.08235930735930734,
  "vocab": 0.9220662662008038,
  "wps": 13.733333333333333,
  "wl": 5.29126213592233
}
