{
  "name": "dummy_large",
  "period": 1800,
  "pos": {
    "CC": 0.020328779810141237,
    "CD": 0.007686964575133133,
    "DT": 0.07427645288261171,
    "EX": 0.00226904376012966,
    "FW": 0.00037045612410280157,
    "IN": 0.09164158369993054,
    "JJ": 0.08483445241954156,
    "JJR": 0.0022227367446168095,
    "JJS": 0.0034267191479509145,
    "LS": 0.0,
    "MD": 0.020143551748089836,
    "NN": 0.22750636721463302,
    "NNP": 0.0007409122482056031,
    "NNPS": 0.0,
    "NNS": 0.03278536698309794,
    "PDT": 0.0012039824033341052,
    "POS": 0.0032414910858995136,
    "PRP": 0.06362583931465617,
    "PRP$": 0.02292197267886085,
    "RB": 0.0927066450567261,
    "RBR": 0.0007872192637184534,
    "RBS": 0.0008335262792313036,
    "RP": 0.005417920815003473,
    "SYM": 0.0,
    "TO": 0.026996990043991666,
    "UH": 0.005001157675387821,
    "VB": 0.058115304468627,
    "VBD": 0.017457744848344524,
    "VBG": 0.013429034498726558,
    "VBN": 0.021625376244501043,
    "VBP": 0.04450104190784904,
    "VBZ": 0.03871266496874277,
    "WDT": 0.0025005788376939106,
    "WP": 0.00713128038897893,
    "WP$": 0.0004167631396156518,
    "WRB": 0.005140078721926372
  },
  "keywords": [
    "brokers",
    "jouet",
    "opener",
    "perrier",
    "pew",
    "recumbent",
    "sacrifice",
    "self",
    "semi",
    "shallying"
  ],
  "chars": {
    "a": 0.08334539946315003,
    "b": 0.016851742534778297,
    "c": 0.03140906407671831,
    "d": 0.03399307218515755,
    "e": 0.11822950892707974,
    "f": 0.01797667709922814,
    "g": 0.02206431061559538,
    "h": 0.045175590033748034,
    "i": 0.07078177383246272,
    "j": 0.003953977924551418,
    "k": 0.012051279195393337,
    "l": 0.05076684895804328,
    "m": 0.028524330886693473,
    "n": 0.07403405989998106,
    "o": 0.07708586257977568,
    "p": 0.015047392045264694,
    "q": 0.0013142799861889222,
    "r": 0.06088012207210719,
    "s": 0.05780604346034327,
    "t": 0.08033814864729404,
    "u": 0.033202276600247264,
    "v": 0.01023579073989508,
    "w": 0.02029337402403573,
    "x": 0.0018489023534522125,
    "y": 0.03266765423298397,
    "z": 0.0001225176258311707
  },
  "sentiment": 0.10026968514280647,
  "vocab": 0.7942260737805741,
  "wps": 6.299694189602446,
  "wl": 4.358398058252427
}
